cellulose_percent,hemicellulose_percent,lignin_percent,size_mm,temperature_C,time_hr,HBD_HBA_ratio,liquid_solid_ratio,LogR0,HBA-pKa/pkb,HBD-pKa/pkb,HBD-MW,HBA-TopoPSA,HBD-TopoPSA,HBA-nHBAcc,HBA-nHBDon,HBD-nHBAcc,HBD-nHBDon,HBA-SlogP_VSA1,HBA-SLogP,HBD-SlogP_VSA1,HBD-SLogP,HBA-nAromAtom,HBD-nAromAtom,HBA-nRot,HBD-nRot,HBA-nBase,HBD-nBase,HBD-nC,LogR0_sq,severity_x_time,log_time,sqrt_time,temp_sq,temp_x_LogR0,inv_temp,log_LSR,LSR_x_LogR0,LSR_sq,ratio_x_LogR0,lignin_x_LogR0,SLogP_sum
0.0,-0.015387513374711288,0.0,0.0,0.0,0.02338326935273995,0.0,-0.026122660549264546,-0.03506884165783304,-0.017084569215598668,-0.10847338446011655,0.018912300932154374,0.0,0.0,0.0,0.0,0.0,0.0,0.0,0.0,0.053036558890958554,0.0,0.0,0.0,0.004673707422752094,0.0,0.0,0.0,0.02342517149634438,-0.006461642749758224,0.0,-0.005034809256595244,0.0,0.0,0.0,0.0,0.0,-0.008864608026646582,0.0,0.0,-0.05766430724281034,0.0
0.028307474592501762,0.0,0.0,0.0,-0.017317037640461608,0.0,0.0,0.0,0.0,0.0,-0.13148715835329505,0.0,0.0,0.0,0.0,0.0,0.006930913601839035,0.0,0.0,0.051594772858029755,0.0,0.0,0.0,0.0,0.0,0.0,-0.011837020725690026,0.0,0.0,0.0,0.0,0.0,0.0,0.0,0.0,0.0,0.0,-0.03951628377304014,0.0,0.0,-0.04959842147431254,0.0
0.0,-0.01023413345367108,0.0,0.0,0.0,0.0,0.0,0.0,-0.020817107165622066,0.0,-0.18774582864853204,0.0,0.024101283230113117,0.0,-0.004940136407729244,0.0,0.0,0.0,-0.003652919572343229,0.0,0.025850272649414405,-0.01666113807883009,0.0,-0.03140943506330074,0.0,0.0,0.0,0.0,0.0,0.006761000574396592,0.0,0.0,0.04104398736631329,0.024739129872264856,0.0,0.0,-0.029752700900420963,0.010057471100611571,0.0,-0.010133813099535195,-0.031269240116264,0.0
0.05693413190303632,0.0,0.0,0.0,0.0,0.0,0.0,-0.020670323637286055,0.0,0.0,-0.16749997932772684,0.0,0.0,0.0,0.0,0.0,0.0,0.0,0.0,0.0,0.0,-0.013077006742530125,0.0,0.0,0.0,0.0,0.0,0.0,0.006439514968442494,-0.018520319863709046,0.0,0.0,0.0,0.0,0.0,-0.013747958658756812,0.0,-0.021281399072012316,0.026702238471029694,0.0,-0.03699409030943884,0.0
0.024220724752109096,0.0,0.0,0.0,0.0,0.031246668746153852,0.0,0.011809444456748933,-0.022745917591615813,0.0,-0.2020566399355627,-0.010228059124140043,0.009651760493778206,-0.007643486177406319,0.0,0.0,0.0,0.016074522344200565,-0.026118195655618025,0.0,0.015492765724029474,-0.00875867857933344,0.0,0.004708966575386014,0.0035124736696779775,0.01398213238571526,0.0,0.0,0.02760709362078273,-0.02161179167285134,0.0,-0.01982929691929422,0.0,0.0,-0.007222455689728112,0.0,0.0,0.025699076241078735,0.0,-0.02061449080387571,-0.046599726286454375,0.013356649342631532
0.020975473608053956,0.0,0.0,-0.020846472750423978,0.0,0.0,-0.008225342237007428,0.0,-0.009187347508235372,0.0032222179835584837,-0.1283814593071859,-0.015068010156427171,0.0,0.0,-0.006820207679957229,0.0,0.030452340071895383,0.0,0.0,0.0,0.0,0.0,0.0,0.0,0.0,0.024639505683453834,0.0,0.0,0.03426422746436595,0.0,0.0,0.0,-0.014531965207970012,-0.009558172695521987,0.0,0.0,0.0,-0.029606543073018556,0.0,-0.020136383165267713,-0.03754467136414413,0.0
0.007966303438078895,0.021571101052369954,0.0,0.0,0.0,0.0,-0.005397293049479561,0.0,0.0,0.0,-0.1917953027558362,0.0,-0.006851377526185233,0.0,0.0,-0.020047550598371374,0.0,0.0,-0.007857797267186148,0.0,-0.010450454853933672,-0.010374618414342857,0.02055651106743402,0.0,0.020531493602713734,0.0,0.0,0.0,0.04324900669793634,0.010250596906392448,0.0,0.0,0.0,0.0,0.0,0.0,0.0,-0.006591744272784191,0.0,0.0,-0.04092593602193867,0.0
0.01993860677319046,-0.010256428134562536,-0.01019755406093338,-0.005744143112363366,0.0,0.0,-0.0025767876693315816,0.0,0.0,0.0,-0.21047776160662576,0.0012337250092023504,0.0,0.019970702475513972,0.0,0.0,0.0,0.0,-0.005929044441416188,0.013528706204606958,-0.024462008637162486,0.0,0.0,0.0010717727900573602,0.0,0.019255149773242785,0.010140836183476772,0.0,0.007165794941002399,0.018742467683642232,0.0,0.0,0.02993587357676189,0.006571391780106771,0.0052936658135469125,0.010375536193759532,0.0,0.007553161631876467,0.039680828417883895,0.0,-0.017751949574794382,0.0
0.017376196516579626,0.0,0.0,-0.01437635409246499,0.0,0.029462574535887853,-0.012133599793702095,0.0,0.0,0.0,-0.23360229837504723,-0.008612963660225518,0.0,0.0,0.0,0.0,0.0,0.0,0.0,0.02019077673691925,0.0,-0.003106124244685524,0.0,0.0,0.0,0.0,0.00040534833387646563,0.0,0.03650601669873167,0.0,0.0,0.0,0.0,0.0,0.0,0.0,0.03996541145489396,-0.0223043432086656,-0.008508874942463818,-0.004923768101270335,-0.009889518633784927,0.0
0.0,0.0,0.0,0.0,0.0050848291953130755,0.015564081468324864,0.0,0.0,0.022667566597009966,0.0,-0.249445775815905,0.0,0.0,0.0,0.0,0.0,0.0,0.0,0.0,0.0,-0.017632869762633476,0.0,0.009902665163862678,0.0,0.00844659678163447,0.0,0.0,0.022192607061631144,0.01751175046748843,0.0,0.0,0.0,0.0,-0.015554367428806747,0.0046847579342059464,0.0274754234604732,0.0,0.0,0.0,0.0,0.0,0.017718698862264626
0.021447730667620738,-0.01000995833001629,-0.0093367524765537,-0.012593587005733443,0.0,0.003486402127959624,-0.0005936526422847475,0.0,0.023232160714208572,0.010153244378709467,-0.25307865538163093,0.0,0.024565859513034548,0.012062214549186373,0.0,0.029503533750254746,0.004369519518809499,-0.00560284697277162,-0.02089641240448439,0.0011744836888745575,-0.014686735606746252,0.0,0.027224516133579717,-0.06293721249164336,0.0,0.013881987937729516,0.0,0.0,0.007810697834781363,0.024003511597540602,0.006331277051344567,0.0,0.011799298299324603,0.015877334745073104,0.01635815713293801,0.018245033697417732,0.0,-0.03150707939274759,0.0,0.0,0.02391798105479298,0.0
0.04532651325394512,0.01692542482075694,0.009224656842163509,0.0,-0.005460423084404589,0.0,0.0,0.0,0.054396362067186815,0.0,-0.2624525297183174,0.0016641810155248475,0.0,0.02668992518953651,0.0,0.0,0.003949059859323309,0.0,0.0,-0.02864876797908989,0.0,0.016478149488445403,0.0,0.0,0.022403992803792693,0.006212337116587481,-0.0070641000692738725,0.031055258860020883,0.04944098008707176,0.00652417786988047,0.0,0.003512867649728393,0.0,-0.03529178398356468,0.0,0.02201162511595313,-0.01890326151699556,0.047926970103278545,0.0,0.006625379420425188,0.0,0.0
0.0,0.0,0.0,-0.00995357193071546,0.0,0.019085215858122548,-0.002436205265605327,0.0,0.04225519851920163,-0.010481622502346799,-0.2101842337011433,-0.017797741706089817,0.005322591849795092,0.03277138946301274,0.0,-0.02275614081685184,0.0,0.02262341555775475,0.0,0.0,-0.03233333833379341,0.0,0.00681056036090903,0.0,0.00663965070776197,0.0,0.0,-0.040609213042219525,0.012283098436224719,0.03154540297754145,0.0,0.0,0.0,0.0,0.0,0.023343326414007215,0.0,0.0,0.0,-0.012341010654463205,0.008557988037428355,0.0
0.0,0.0,-0.015490950512765911,0.0,0.0,0.03299944300103434,0.0,0.0,0.0,0.0,-0.20774481193621985,-0.008341614785630622,0.0,0.0,-0.013784471088237455,0.0,0.0,0.0,0.0,0.0,-0.025385554664910822,0.0,0.009279068310901245,0.0,0.014174731376740274,0.0,0.0,0.0,0.05765475867513506,0.0,0.0,0.0,0.0,0.0,0.0,0.0,0.0,0.04527344134154071,0.0,-0.00997540194649088,-0.016001618345330204,0.0
0.06723226806685631,-0.05992782629547243,0.0409467799919142,-0.056794272476130614,0.0,0.0,0.0,0.0,-0.05828268909453531,-0.01080566387446321,0.0,0.0,0.0,-0.0564901189088906,0.0,0.0,0.0,-0.024827107837839788,0.0,0.0,0.0,-0.0541694697923507,0.0,0.0,0.0,0.0,0.0,0.0,0.0,-0.06813191883267333,0.0,-0.0376440720299752,-0.0371008432244451,0.0,0.0,0.0,0.0,0.01915806267939579,0.0,0.0,-0.048274630254523,0.0
0.0,-0.014038000948484076,0.0,0.0,0.0,0.0,-0.007507916338297372,0.0,-0.04527166558387788,-0.024583515814706074,-0.043756889344428763,0.0,0.0,0.0,0.0,0.0,0.0,0.0,0.0,0.0,0.0,-0.02973006093025964,-0.005775654584674245,0.0,0.0,0.0,0.0,0.0,0.0,-0.033230363878782504,0.0,-0.014670748691396592,0.0,0.0,-0.020069164519332317,-0.01009951350980234,0.0,-0.015696624502379238,0.0,-0.009324875476420046,-0.060498635989433225,0.0
0.0,-0.05254481848718703,-0.0005600218282207573,-0.030618001223944785,-0.017830407602756247,0.0,0.0,0.0,-0.04232339226798003,0.0,-0.08307687459050207,-0.03568159163760004,0.0,-0.003446220199133635,-0.019122209356644118,0.0,0.0,-0.011005564705572153,0.0,-0.003130509085063139,0.0,-0.024485902057754028,0.0,0.0,0.0,0.0,0.0,0.0,0.0,-0.04065500045145449,0.0,-0.0038684200867587907,0.0,0.0,0.0,0.0,0.0,-0.013276976654527194,0.0,0.0,-0.07596329252040923,-0.0007564996052253914
0.0506597850225053,-0.03130559227629697,0.0,-0.00127758571739881,0.0,0.0,0.0,0.0,-0.02270304190947486,0.0,-0.04798432999885127,0.0003865731870421877,0.0,0.0,0.0,0.0,0.0,0.0,-0.011778490048939811,0.0,0.0,-0.03872167720762107,0.0,0.0,0.0,-0.016908251297522044,0.0,0.0,0.0,-0.04256749164436966,0.0,-0.022105275353350395,-0.020140876512632272,0.0,0.0,0.0,0.0,-0.035284214497758946,0.0,-0.03400502701807329,-0.06743546248197313,0.0
0.0,0.0,0.0,0.0,0.0,0.015321523088475847,-0.030382127096177755,0.0,-0.022141710936482626,-0.01357539838719054,-0.1259821141487486,0.0,-0.03807710403041747,-0.018925142178942762,0.0,-0.020597876692582947,0.0,-0.013363501153350672,-0.02711528561156349,-0.0027834847582302656,-0.014229395880534151,-0.044467984908900554,0.0,0.017612579162976483,0.01821314363640045,0.003889265610108459,-0.0014750979281712236,0.0,-0.017922829003057857,-0.006923706867827185,0.0,-0.004337890271978964,-0.05573845517751667,0.0,-0.00373748328654897,0.0,0.0,0.0,0.05724448554446095,-0.01668999433774871,-0.07436670415942194,0.006920401670813536
0.0,0.0,0.0,0.0,0.0,0.0,0.0,0.0,-0.03756737457880994,-0.016126629598736807,-0.03214111636237379,0.0,0.0,0.0,0.0,-0.006735894498609028,-0.036644645882832005,-0.012693956469183258,0.0,0.0,0.0,-0.031687014145207054,-0.04143570653100839,0.0,0.0,0.0,0.0,0.0,-0.007917954854906916,-0.025014842389567634,0.0,0.0,0.0,-0.01744057979829717,-0.009076456347770722,0.0,0.0,-0.04001675821418235,0.0,-0.003016077060128186,0.0,0.0
0.03402795405696008,-0.016375351972259804,0.0,-0.023369705162257677,0.0,0.016194984780942945,0.0,0.0,0.020955180991883832,0.0,-0.1146608085057473,0.0,-0.024203443717888937,0.0,-0.03588383582839582,0.0,0.0,0.0,0.0,0.0,0.0,-0.025531410051799795,0.0,0.0,0.011809155853219224,-0.03467470292191307,0.0,0.004672475506403033,0.0,0.0,0.0,-0.015989688032195505,0.0,-0.011686120570422578,0.0,0.013255548172639511,0.0,-0.04418588629744968,0.0,0.0,-0.048168013073233484,0.0
0.044942393484218336,-0.01708346986357274,0.0,-0.022379016925735226,0.0,0.022911651104323066,-0.00964300785314708,0.0,0.0,0.012481528751698787,-0.2322090030263174,0.0,0.0,0.0,0.0,0.0,0.0,0.0,-0.007117225390065926,0.0031003211543982486,-0.0034561506021035886,-0.03063774237734073,0.0007159802106206193,0.0,0.026260255460638857,-0.01252723179312773,0.0,0.0,-0.02816787463523868,0.0,0.0,-0.01891427900337544,-0.022006929123652794,0.0,0.0,0.0,0.0,0.047637969198929465,0.0,0.0,-0.029828103948579293,0.0
0.0323317413570526,-0.009233953465923416,0.0,0.0,0.0,0.0,0.0,0.0,0.0,0.0,-0.12293365304900013,0.0,0.0,0.0,0.0,0.0,0.0,-0.02042536408160907,0.0,0.0,0.0,-0.06543406220847488,0.0,0.0,0.0,-0.006311050288746416,0.0,0.0,0.0,0.001346217339246422,0.0,0.0,-0.01683335749082944,0.0,-0.008079941919811163,0.0,0.0,-0.03677686787186679,0.0,0.0,0.0,0.0
0.0509653761059655,-0.018981152246174988,0.0,0.0,0.005482198723686885,0.0,0.0,0.0,0.03812569528161782,0.0,-0.13031205343234203,0.013512082205712253,-0.025982701138106943,0.0,0.0,0.0,0.0,0.0,0.0,0.0,-0.029842308515113866,-0.029973981146997643,0.0,-0.006176416710715233,0.0,-0.021078990181640046,0.0,0.003983989894803104,-0.005977776121998312,0.0,0.0,-0.020030044856637504,-0.020107913585272617,-0.0028177171917827667,0.018656062819055873,0.0,0.0,-0.08405169713660458,-0.013619618364574019,0.0008220109923999931,0.0,0.004437237483014944
0.03147984761160635,-0.02038335061983917,-0.021318894149383642,-0.0036996285791033932,-0.01026469397171926,0.0,0.0,0.0,0.047223246840839554,-0.008444348994552079,-0.18202277763597657,-0.011998312787661752,0.0,0.0,0.0,0.016775338476818114,0.0,-0.012184129769615805,-0.01559208789116979,0.009821722209145123,-0.015843200785998438,-0.029493278594860856,0.0,0.0,0.0,0.006048348801451775,0.0,0.0,-0.0038064293942275604,0.013914694901927663,0.0,0.0,0.0,-0.02746158074233516,0.011568301087453103,0.0,0.0,-0.03529712809244367,0.0,0.0,0.01300421386466241,0.0011867082295855813
0.04937007519507521,0.0,-0.033075275443183935,0.0,0.0,-0.017625976273636722,-0.00924666796892458,0.0,0.0,0.0,-0.23723392848622255,0.0,0.0,0.0,0.01020641534702394,0.0,0.01230418684916194,0.0,0.0,0.0,0.00530327292753437,-0.046150845241859126,0.0,-0.013133078660260044,0.006344916887692072,-0.008633031799806677,0.0,0.028328324498059363,-0.02324394714161119,0.017382670085740994,0.0,-0.005835184024638805,0.00982250363810167,-0.057922592490524956,0.02931400577869629,0.05494516616680895,0.0,0.10347806373574463,0.0019544463174149553,0.0,0.026312690279502088,0.0
0.0,0.0,0.0,-0.016899881410961663,-0.0037726547067339824,0.0,0.018242889331251868,0.0,0.06601919734543864,0.0,-0.21319749366165375,0.0,0.0,0.0,-0.003999683657045202,-0.000529586305826478,-0.013435953271029581,0.0,0.00986997303690195,0.0,-0.031901555962473474,-0.04631008585633313,0.0,0.0,-0.00123340423563866,-0.01734038287368506,0.0,0.0,-0.011008504445802496,0.0,0.0,-0.007897877311605383,0.0,-0.020856997290639268,0.022577623395332678,0.0,0.0,-0.012877951012382514,0.0,-0.0006729879841888331,0.040698134823882126,0.0
0.058700799755294956,-0.023887835306375015,-0.02790074261470741,-0.017091807583577777,0.0,0.002271413593005653,0.0,0.0,0.0,-0.0066211609713291856,-0.1938150446812028,0.0,0.0,0.0,-0.009292203681676423,0.0,0.0,0.0,0.0,0.0,-0.010986803432086523,-0.05754477723730439,0.0,-0.011986155684785392,0.01699675922168586,-0.020629194743029843,0.0,0.0,0.0,-0.011295822350813108,0.0,-0.017070016785097914,-0.010123041827753806,0.0,0.0035806525917103753,0.0,0.0,0.023758384859323408,0.0,0.0,-0.04916989630690394,0.0
0.05977612382698806,-0.03485248876457654,0.0,-0.02326993988881519,0.0,0.03595822486183721,0.0,0.0,-0.06578356857777017,0.0,0.0,0.0,0.0,0.0,-0.004921225947356635,0.0,0.0,-0.0067997413756996725,0.0,0.0,0.0,-0.019099268845882474,0.0,0.0,0.030377585202338773,0.0,0.0,0.0,-0.09377011884389973,0.0,0.0013347241905476764,-0.023040262616257107,-0.020143831177475046,0.03437270609664971,0.0,0.0,0.0,-0.04921495320715448,0.0,0.0038917027724165174,-0.06825573276231349,-0.04051639417839503
0.052189093168024434,0.0,0.0,-0.033247948281104445,0.02094863073179172,0.0,-0.03144997692015794,0.0,-0.04315251779788314,-0.028664621151812588,0.011051956399372245,0.018035129720443528,-0.010747429255330882,0.0,0.0,-0.009688725211889317,0.0,0.0,-0.019562422847804045,0.03238949811100307,0.0,0.0,0.0,0.0,0.0095387677197827,0.0,0.0,0.0,-0.003997686717409396,-0.014201927546052135,0.0,-0.050929171034511105,0.0,0.0,-0.02887822879047556,-0.024991460603328287,0.0,-0.07754473444798675,0.024266350803448248,0.0,-0.07597704075893585,0.0
0.0,-0.054751032109816904,0.0,-0.032863629853543734,0.0026947007643894736,0.031233510635643606,0.049100701256214,0.0,-0.04623702067806837,0.0,0.012793507925418206,0.023487955388812955,0.0,0.0,0.024917131514581525,0.03220557589243849,0.0004580262250250092,0.006619714276447451,-0.02405656954320903,0.011039942481548937,0.02189551677364385,-0.03864759971838218,0.0,0.0,0.0,0.0,0.009906546818735346,0.0,-0.02146781688417753,-0.04207156304162798,0.010394236870049202,-0.017381018250783364,0.0,0.0,-0.01303115017592396,-0.0008521315826537008,0.0,-0.031022850257281413,0.0,0.0,-0.11725805901222693,0.00932017649211389
0.03917015183471579,-0.0229300416350725,0.0,-0.06267472496693485,0.025314823632862006,-0.015351183569498942,-0.011636501702269384,-0.07628041809925552,-0.018687840807067695,0.0,0.007058852954891253,-0.018779102081519138,0.005256584855800428,-0.015201037111593905,0.0,0.0,0.020921708877838622,0.011118478745195266,-0.006058439922827397,0.0,-0.001742858103472024,0.0,0.0,0.0,0.0,0.0,0.0,0.0,-0.01888274939036494,-0.05666966635803852,0.024068711316828938,-0.00757939941621345,0.0,0.05754488756112317,-0.011076270405503906,0.0,0.0,-0.061599234064832496,0.006264561196063505,-0.007499070788028995,-0.04034816230026192,0.0
0.043953894326408005,-0.021792595967622234,-0.020117840704870778,-0.05173436960410432,0.019828943128882014,0.0,0.04037893778534946,0.01385563773578616,-0.06668498436868922,0.01827410429350792,0.033076189143533545,0.008765455872172433,0.0,0.0,0.0,0.0,0.01953417618740074,0.0,-0.030936232893181845,0.0025206069553636657,0.0,0.0,0.0,0.0,0.09879977546202397,0.0,0.0,-0.0030171271637008225,-0.016763465120704684,-0.06288967262527928,0.0,-0.014262161547845655,-0.03289609338047594,0.0,-0.06223947713148807,-0.015291506678631056,0.037075854094584255,0.03959695480676734,0.01761266243098956,0.053573331959848106,-0.05842651542252773,0.030010571232778768
0.04863098601388616,-0.025801451302458162,-0.026109951894576187,-0.0449297292005487,-0.03213361478531191,0.042175540322864274,-0.018847570238684667,0.0,-0.03079838369654097,0.0,0.0,-0.012003233525771003,0.0,0.0,-0.006076390996253205,0.0,0.0,0.01124117865921715,-0.007415955976448131,0.0,-0.023631560784419588,0.0,0.0,0.0,0.0,0.011826229795629856,0.0,0.002512839133890437,-0.030919776055960715,-0.030262488528126314,0.018171566138214926,-0.023606735556406994,0.0,0.0,0.0,0.0,-0.011164321289524264,-0.11094708219814298,0.0,0.02392097989993526,-0.045521743660462244,0.0
0.07279088538828149,-0.01589625046490023,0.0,-0.0500607639596923,-0.0073402172375083095,0.04372397779269139,0.03902005987175032,0.0,0.0,0.0,0.016678056440667482,0.0,0.0,-0.013126242084789465,0.0,0.012749660075418973,0.0,0.0,-0.03352064263408988,0.037309956966065594,0.0,0.002243938522194773,0.0,0.0,0.03622740462962487,0.0,0.0,0.0,-0.0274374904779626,-0.01336686193178349,0.0,-0.028606255354876493,-0.024821999959315687,0.0,-0.007668955042372315,0.0,-0.018976954325784456,-0.1175860702279401,-0.022899595955911466,0.06889264842078802,-0.0647629729165444,0.0
0.04216924804905169,0.0,0.0,0.0,0.0,0.0,0.03587617565433628,0.0,0.017341982198694213,0.02363090988423621,0.052522589251006245,0.0,0.027449593962683122,-0.016783337087374877,0.0,0.0,0.0,0.0,0.0,0.0,0.0,0.0,0.0,0.0,0.029628679384265926,0.0,0.0,0.0,0.0,0.0139201381825937,0.0,0.0,0.0,0.0,0.0,0.02353121757485632,0.05649976261960941,0.0882239662139748,0.0,0.0638392269133393,-0.023453251144747833,0.0
0.011630191216531572,-0.006926804158081939,-0.054256654619219746,-0.028870553923850874,-0.013191513535720782,0.03390881004144928,0.013891993218023292,0.0,0.0,0.0,0.0,0.00881239380843259,0.0,0.0,0.0,0.0,0.0,0.0,-0.03584637538718978,0.0,0.0,0.0,0.0,0.0,0.04353046773302641,-0.010126160136823593,-0.0295696338390004,0.0,-0.016692831686539115,0.0,0.022823141140467636,0.005161483924747088,-0.01512179116923077,0.0,0.02637921580330407,0.009130925410215115,-0.028714103929042497,-0.07764639761505622,-0.017083742144489284,0.08374068096148467,-0.016580521772819094,0.008746501468738982
0.0534102592450651,0.0,-0.015169254695104412,0.0,0.0,0.030533645194798384,0.019789419145922506,0.0,0.06312794948558872,0.029999235393593823,0.0314089220797951,0.008208388588471567,0.02115530873212914,-0.05190520573289862,0.0,-0.0648866601918332,0.023167396250903638,0.005843056555505071,-0.014385990528953825,-0.01643577400410564,0.0,0.027282523386425762,0.0,0.0,0.007201073695278996,0.0,0.0,0.0,0.0,0.02371496247817186,0.0,-0.008856699547551562,0.0,-0.059207259275558144,0.019184873453053884,0.0,-0.02157225974761964,-0.06995728377588965,-0.01185435548466012,0.08990388737845197,-0.005013034254487403,0.0
0.03216082369756049,0.0,0.0,-0.02637694188210059,-0.011029264818252353,0.01066437877710007,0.027552597589682832,0.028518519435121133,0.05769660134713996,0.01283977220946752,0.0,0.015422686612300878,0.00828442801210827,0.04289888563609462,-0.025547119116751345,0.006707451288121783,0.0,0.008084654698446884,0.0,0.0,0.0,0.016440205811758007,0.0033620688334397362,-0.007342531633550139,0.002686985030457841,0.01257741563831201,0.0,0.0,0.0,0.0,0.01979931404297715,-0.025461828580967752,-0.019916950353119668,0.0,0.0,0.0,-0.014223921108678997,-0.02549785375048168,0.0,0.08428028910177665,-0.022698618410689802,-0.015227987694492823
0.06847236632923728,0.0,0.0,0.0,-0.03514285253328208,0.0,0.03920026484414299,-0.002864572718290939,0.04465198996555528,-0.019546701872620528,0.021844500595219838,0.0,0.0,0.0,-0.02281036783243968,0.007360325172550082,0.0,0.01703819803339651,0.0,0.0,0.0,0.0,0.0,0.0,0.03503060073976602,-0.02880788659264744,-0.01638878757540692,0.0,-0.011469799661773668,0.028592599342794685,0.012293480773553876,0.0,0.0,-0.009840742856567044,0.0,0.0033230335739715916,0.00759252809210205,0.15895459439730747,0.0,0.024338149261434794,0.026931161901597594,-0.008018395360284258
0.03275029060280098,0.04485173520029496,-0.013546302688935776,-0.02990488973535376,-0.018136539575442787,0.004840166882896898,0.03376835046720039,-0.0048910215558439375,0.05660039619648748,0.0,0.048059007346029345,0.0,0.0,0.0,-0.0018259005325120393,0.008266912291234538,0.0,0.011094284561575846,-0.02698531258777247,0.0001722892748897637,0.007286408530922322,0.0,0.0,-0.04339933294906785,0.02951266821227626,0.0,0.0,0.0,0.0028837634697091545,0.04717931664437704,0.0,0.0,0.0,-0.02905602348812209,0.0,0.0,0.0,-0.01809339465709178,0.0,0.11546232878649619,0.019439759293826464,0.0
0.05066898132186651,0.0,0.0,0.0,0.0,0.0,0.036021770765525464,0.0017120664746747046,0.0,0.0049086486792028075,0.01831997907482686,0.0165264290313245,0.0,0.0,0.0,0.027098641485792205,0.0,0.0,0.0,0.0,-0.038884557712824785,0.024902309956014567,0.0,0.0,-0.005310150353211991,0.0,0.0,0.0,0.0,0.0,0.0,0.0,0.0034241775599884606,0.0,0.0,0.0,0.0,0.07202184861634983,0.04355233493944017,0.07726544455696566,0.0,0.0
